comparison,value
real,0.3119730571847507
perm_null_mean,0.06288665288214809
perm_null_sd,0.015597630731234009
empirical_p_real_vs_perm,0
zscore_real_vs_perm,15.969502586300562
